year,artist,track,time,date.entered,wk1,wk2,wk3
2000,2 Pac,Baby Don't Cry (Keep Ya Head Up II),4:22,2000-02-26,87,82,72
2000,2Ge+her,The Hardest Part Of Breaking Up (Is Getting Back Your Stuff),3:15,2000-09-02,91,87,92
2000,3 Doors Down,Kryptonite,3:53,2000-04-08,81,70,68
2000,A*Teens,Dancing Queen,3:44,2000-07-08,97,97,96
2000,Aaliyah,I Don't Wanna,4:15,2000-01-29,84,62,51
2000,Aaliyah,Try Again,4:03,2000-03-18,59,53,38
2000,"Adams, Yolanda",Open My Heart,5:30,2000-08-26,76,76,74
2000,"Aguilera, Christina",I Turn To You,4:00,2000-04-15,50,39,30
